{
  "group_cv_results": {
    "Random Forest": {
      "fold_scores": [
        0.5841423948220065,
        0.6203703703703703,
        1.0,
        0.9574468085106383,
        0.9841269841269841
      ],
      "mean": 0.8292173115659999,
      "std": 0.1861640657442876
    },
    "Logistic Regression": {
      "fold_scores": [
        0.6407766990291263,
        0.7685185185185185,
        1.0,
        0.9840425531914894,
        0.9894179894179894
      ],
      "mean": 0.8765511520314249,
      "std": 0.1461462178518723
    },
    "SVM": {
      "fold_scores": [
        0.9352750809061489,
        0.9166666666666666,
        1.0,
        0.9893617021276596,
        0.9947089947089947
      ],
      "mean": 0.9672024888818939,
      "std": 0.03434106590380871
    }
  },
  "test_results": {
    "accuracy": 0.5088062622309197,
    "precision": 0.20569620253164558,
    "recall": 1.0,
    "f1": 0.34120734908136485,
    "fnr": 0.0
  },
  "n_groups": 11,
  "train_groups": 8,
  "test_groups": 3
}