{
  "cv_results": {
    "Random Forest": {
      "cv_scores": [
        0.9752066115702479,
        0.9834710743801653,
        0.9752066115702479,
        0.9917355371900827,
        0.9834710743801653,
        0.9917355371900827,
        1.0,
        0.9834710743801653,
        0.975,
        1.0
      ],
      "cv_mean": 0.9859297520661157,
      "cv_std": 0.009115504856882443,
      "cv_precision": 0.9789303079416531,
      "cv_recall": 0.993421052631579,
      "cv_f1": 0.9861224489795918,
      "cv_auc": 0.9992516447368421
    },
    "Logistic Regression": {
      "cv_scores": [
        1.0,
        0.9917355371900827,
        0.9917355371900827,
        1.0,
        1.0,
        1.0,
        1.0,
        0.9917355371900827,
        0.9916666666666667,
        1.0
      ],
      "cv_mean": 0.9966873278236916,
      "cv_std": 0.00405722209864184,
      "cv_precision": 0.9967105263157895,
      "cv_recall": 0.9967105263157895,
      "cv_f1": 0.9967105263157895,
      "cv_auc": 0.999750548245614
    },
    "SVM (RBF Kernel)": {
      "cv_scores": [
        1.0,
        0.9917355371900827,
        0.9917355371900827,
        1.0,
        1.0,
        1.0,
        1.0,
        0.9917355371900827,
        0.9916666666666667,
        1.0
      ],
      "cv_mean": 0.9966873278236916,
      "cv_std": 0.00405722209864184,
      "cv_precision": 0.9967105263157895,
      "cv_recall": 0.9967105263157895,
      "cv_f1": 0.9967105263157895,
      "cv_auc": 0.9999040570175438
    }
  },
  "test_results": {
    "Random Forest": {
      "test_accuracy": 0.9867549668874173,
      "test_precision": 0.9743589743589743,
      "test_recall": 1.0,
      "test_f1": 0.987012987012987,
      "test_auc": 0.9997368421052631,
      "cv_test_diff": 0.0008252148213016008
    },
    "Logistic Regression": {
      "test_accuracy": 1.0,
      "test_precision": 1.0,
      "test_recall": 1.0,
      "test_f1": 1.0,
      "test_auc": 1.0,
      "cv_test_diff": 0.0033126721763083733
    },
    "SVM (RBF Kernel)": {
      "test_accuracy": 1.0,
      "test_precision": 1.0,
      "test_recall": 1.0,
      "test_f1": 1.0,
      "test_auc": 1.0,
      "cv_test_diff": 0.0033126721763083733
    }
  },
  "best_model": "Logistic Regression",
  "dataset_size": 1510,
  "train_size": 1208,
  "test_size": 302
}